<?xml version='1.0' encoding='utf-8'?>
<module xmlns='urn:jboss:module:1.1' name='tapestry' slot='5.3.8'>
  <resources>
    <resource-root path='tapestry-core-5.3.8.jar' />
    <resource-root path='tapestry-spring-5.3.8.jar' />
    <resource-root path='tapestry-beanvalidator-5.3.8.jar' />
    <resource-root path='tapestry-yuicompressor-5.3.8.jar' />
    <resource-root path='commons-codec-1.5.jar' />
    <resource-root path='antlr-runtime-3.3.jar' />
    <resource-root path='tapestry-ioc-5.3.8.jar' />
    <resource-root path='tapestry-json-5.3.8.jar' />
    <resource-root path='spring-web-3.1.0.RELEASE.jar' />
    <resource-root path='hibernate-validator-4.0.0.GA.jar' />
    <resource-root path='validation-api-1.0.0.GA.jar' />
    <resource-root path='yuicompressor-2.4.7.jar' />
    <resource-root path='stringtemplate-3.2.1.jar' />
    <resource-root path='javax.inject-1.jar' />
    <resource-root path='plastic-5.3.8.jar' />
    <resource-root path='tapestry5-annotations-5.3.8.jar' />
    <resource-root path='javassist-3.12.1.GA.jar' />
    <resource-root path='tapestry-func-5.3.8.jar' />
    <resource-root path='aopalliance-1.0.jar' />
    <resource-root path='spring-beans-3.1.0.RELEASE.jar' />
    <resource-root path='spring-context-3.1.0.RELEASE.jar' />
    <resource-root path='spring-core-3.1.0.RELEASE.jar' />
    <resource-root path='jaxb-api-2.1.jar' />
    <resource-root path='jaxb-impl-2.1.3.jar' />
    <resource-root path='js-1.6R7.jar' />
    <resource-root path='antlr-2.7.7.jar' />
    <resource-root path='spring-aop-3.1.0.RELEASE.jar' />
    <resource-root path='spring-expression-3.1.0.RELEASE.jar' />
    <resource-root path='spring-asm-3.1.0.RELEASE.jar' />
    <resource-root path='commons-logging-1.1.1.jar' />
    <resource-root path='stax-api-1.0-2.jar' />
    <resource-root path='activation-1.1.jar' />
  </resources>
  <dependencies>
    <module export='true' name='javax.api' />
    <module export='true' name='javax.annotation.api' />
    <module export='true' name='javax.servlet.api' />
    <module export='true' name='org.apache.log4j' />
    <module export='true' name='org.slf4j' />
  </dependencies>
</module>